numeroDNI,nombre,fechaNacimiento,anioCenso,codigoAutorizacion
39739740E,Jose Moreno Locke,09/04/66,2025,729 
83583583L,Restituta Sparrow Martinez,31/08/73,2025,535 
67867868T,Randall Martinez Mojamuto,04/06/96,2025,056 
12812814Q,Gabriel Ribas Pomares,30/05/54,2025,605 
92992992L,Benjamin Reyes Lopez,06/05/90,2025,095 
50850851I,Emiliano Reyes Gracia,16/11/81,2025,428 
47047047F,Luis Mas Moreno,27/08/54,2025,620 
29829830H,Emiliano Locke Gracia,08/05/60,2025,796 
26926927J,Camilo Marques Gibson,28/05/94,2025,716 
97797797K,Eva Ribera Pelaez,24/04/51,2025,697 
18618619K,Armando Linus Ribera,28/04/89,2025,424 
30630631P,Luisa Linus Coll,13/02/00,2025,090 
59659659J,Alberto Martinez Poza,28/09/93,2025,466 
27627628Z,Jack Garau Morales,17/05/89,2025,947 
87387387L,Kate Moss Sparrow,28/12/92,2025,853 
94994994D,Sofia Poza Gracia,06/07/76,2025,104 
49349349T,Jack Punset Gonzalez,11/01/59,2025,794 
32932933O,Petra Marques Pelaez,09/06/73,2025,599 
77477477X,Gonzalo Locke Ribas,20/12/78,2025,594 
84084083M,Jose Punset Pomares,19/01/66,2025,194 
59059059U,Benjamin Reyes Coll,17/06/61,2025,231 
72472472B,Jack San Moss,15/02/61,2025,839 
03603605D,Eva Mas Moreno,17/04/57,2025,242 
10410411O,Kate San Gibson,31/05/82,2025,142 
72872872Q,Alberto Mas Avila,16/07/95,2025,462 
87787787O,Kate San Moss,22/07/52,2025,587 
48448448J,Pedro Moreno Ribera,26/10/69,2025,572 
67667667L,Enjuto San Dominguez,11/04/50,2025,793 
80180180Q,Jose Poza Pomares,21/11/04,2025,906 
98598598R,Petra Gracia Sparrow,04/06/51,2025,331 
38138138W,Camilo Gracia Garau,08/05/59,2025,745 
60060060C,Restituta Martinez Narvaez,20/08/96,2025,871 
93993993X,Francisco Gibson Coll,06/09/83,2025,249 
80080079B,Emiliano Narvaez Lopez,12/02/89,2025,463 
85185184D,Alberto Garau Punset,02/06/83,2025,244 
93093092H,Kate Mas Ribas,18/07/96,2025,287 
32532533B,Jack Mas Ribera,18/07/79,2025,223 
98298297Q,Benjamin Morales Moreno,12/07/88,2025,552 
55355355T,Emiliano Morales Argudo,20/01/55,2025,630 
42142142S,Hugo Narvaez Gracia,12/02/92,2025,171 
11011012N,Hugo Padro Pelaez,24/07/61,2025,965 
40340341F,Petra Gonzalez Gracia,15/07/81,2025,179 
92392392B,Hugo Marques Ribera,20/09/70,2025,448 
53153153R,Blas Gonzalez Dans,14/06/84,2025,666 
50550551Q,Kate San Sparrow,28/11/53,2025,642 
55555555A,Armando Locke Morales,05/09/91,2025,548 
88888888M,Enjuto Morales Torres,04/11/75,2025,791 
34234235J,Clodoveo Marques Vallejo,30/12/03,2025,327 
58158158F,Restituta San Garau,06/03/79,2025,054 
12012013X,Margarita Linus Lobo,26/06/79,2025,658 
03903905O,Hugo Moss Mas,01/12/74,2025,376 
68368368Z,Alberto San Reyes,19/12/88,2025,562 
53653654J,Kate Pomares Avila,22/10/76,2025,473 
37437438N,Margarita Mas Ribas,27/01/84,2025,436 
24724725I,Alberto Locke Martinez,03/12/88,2025,104 
19719720Z,Gabriel Pelaez Lobo,22/03/52,2025,672 
37737738D,Hugo Padro Narvaez,15/10/56,2025,821 
03803805D,John Dans Pelaez,22/04/66,2025,173 
43443444F,Blas Argudo Argudo,13/10/95,2025,850 
80980980B,Petra Moreno Morales,11/12/87,2025,890 
38938939B,Jose Moreno Dominguez,03/12/79,2025,316 
27927928H,Petra Cozar Avila,01/01/66,2025,721 
67167167U,Blas Martinez San,02/04/79,2025,730 
52552553O,Margarita Martinez Pomares,28/12/72,2025,470 
64164164B,Camilo Vallejo Avila,28/05/87,2025,975 
04404405A,Eva Avila Gibson,06/01/81,2025,996 
40140140H,John San Narvaez,29/01/63,2025,857 
02102103A,Camilo Poza Lobo,07/09/85,2025,063 
71771771F,Blas Gracia Argudo,16/03/56,2025,482 
74174174Q,Hugo Garau Padro,10/12/68,2025,813 
19219220M,John Punset Martinez,12/06/94,2025,578 
37037037U,Enjuto Dans Mojamuto,17/02/85,2025,682 
49849850T,Irene Torres Vallejo,28/08/67,2025,291 
10310311F,Alberto Locke Lopez,05/01/70,2025,657 
96396395H,Emiliano Morales Pomares,03/10/53,2025,402 
76676676B,Emiliano Linus Vallejo,11/11/76,2025,925 
49149149Y,John Reyes Dans,02/08/02,2025,656 
83783783P,Blas Reyes Moreno,17/06/95,2025,739 
61561561A,Pedro Pomares Garau,04/09/91,2025,835 
61461461B,Enjuto Coll Padro,15/12/67,2025,626 
84284284G,Benjamin Coll Cozar,08/07/62,2025,517 
46446447G,Alberto Argudo Gibson,03/04/91,2025,470 
52452452Z,Luis Linus Dominguez,01/12/00,2025,844 
80780780J,Emiliano Dans Gracia,18/12/04,2025,054 
97597597I,Margarita Reyes Cozar,11/09/62,2025,569 
17517518F,Emiliano Gonzalez Garau,09/12/73,2025,611 
34434435I,Margarita Poza Moreno,11/01/60,2025,259 
79079078E,Jose Ribas Linus,07/01/68,2025,668 
10910912U,Benjamin Narvaez San,09/11/73,2025,814 
08308309I,Hugo Dans Locke,03/09/51,2025,243 
87087086O,Jose Gracia Pomares,05/08/50,2025,220 
02802804H,Alberto Poza San,11/08/58,2025,993 
14014015Y,Clodoveo Mas Torres,27/04/78,2025,894 
25125126X,Hugo Coll Reyes,22/04/79,2025,163 
73273273F,Luis Ribera Poza,30/01/67,2025,651 
61961962E,Randall Lobo Torres,15/01/93,2025,476 
30330331I,Blas Vallejo Ribas,10/12/59,2025,210 
54454454H,Alfredo Poza Mojamuto,07/08/95,2025,982 
55655656X,Luis Lobo Locke,18/02/90,2025,010 
66066066D,Jose Gracia Lobo,31/05/98,2025,195 
28628629R,Clodoveo Ribera Avila,10/11/57,2025,189 
61361361F,Petra Torres Martinez,04/11/85,2025,467 
14414415Q,John Gibson San,27/04/77,2025,464 
32832833D,Randall Ribera Reyes,23/04/66,2025,021 
48648649Q,Camilo Gonzalez Sparrow,25/05/63,2025,791 
85485485G,Camilo Torres Reyes,06/10/77,2025,506 
85085084T,Hugo Narvaez Argudo,06/12/94,2025,932 
62962963D,Luisa Ribera Gonzalez,18/12/73,2025,508 
49749750Z,Pedro Poza Narvaez,10/08/88,2025,847 
85785785B,John Ribas Morales,02/01/62,2025,173 
81581581G,Kate Linus Marques,20/11/04,2025,434 
61861862M,Enjuto Dans Morales,24/11/02,2025,617 
57557557O,Restituta Dominguez Gonzalez,01/10/61,2025,907 
48948949H,Armando Lobo Linus,18/03/77,2025,723 
73573573E,Jose Lopez Avila,19/03/75,2025,011 
10210211X,Blas Martinez Dans,15/10/69,2025,205 
31531532L,Armando San Dans,17/11/69,2025,072 
05005006F,Alfredo Ribera Dominguez,05/11/50,2025,131 
90590590E,Kate Dans Reyes,11/10/92,2025,605 
28928929H,Margarita Linus Padro,09/11/63,2025,158 
64964965R,Benjamin Lobo Moreno,10/11/74,2025,876 
99699699M,Alfredo Gibson Torres,12/07/58,2025,447 
81081080N,Eva Gibson Linus,01/02/56,2025,659 
28128129J,Hugo Narvaez Narvaez,04/02/82,2025,430 
14214215F,Blas San Ribera,26/03/99,2025,999 
44144144E,Margarita Locke Narvaez,04/01/73,2025,466 
28428429E,Francisco San Lopez,27/02/85,2025,502 
68168168P,John Vallejo Dominguez,09/02/86,2025,780 
04704706P,Eva Moreno Mas,01/11/97,2025,917 
50050050F,Randall Dominguez Locke,23/07/57,2025,744 
71571571R,Alfredo Argudo Coll,12/10/74,2025,984 
51051051O,John Locke Dominguez,12/10/59,2025,126 
29429430C,Eva Mojamuto Gibson,15/10/97,2025,705 
53553553O,Petra Gibson Moreno,19/05/67,2025,113 
69269269B,Armando Pelaez Punset,03/07/94,2025,705 
21321322J,Irene Punset Moss,18/05/51,2025,621 
91691691O,Luisa Mas Pelaez,24/10/01,2025,777 
73673673G,Jose Sparrow Pomares,14/07/01,2025,062 
33833834S,Sofia Linus Ribas,13/01/66,2025,171 
34534535G,Jack Argudo Dans,03/11/57,2025,951 
67467467F,Petra Sparrow Moss,05/09/52,2025,431 
04204205D,Randall Cozar Ribera,18/08/58,2025,477 
00000001J,Jack Linus Gonzalez,02/01/66,2025,294 
90890890D,Hugo Moreno Moreno,17/10/83,2025,514 
58958959S,Pedro Garau Moss,02/04/56,2025,752 
92292291M,Francisco Mas Punset,11/07/96,2025,187 
79579579M,Enjuto Locke Poza,26/09/70,2025,447 
62762763G,Eva Linus Padro,17/10/55,2025,645 
23223224F,Margarita Morales Martinez,26/08/96,2025,213 
29229230K,Jack San Martinez,27/01/63,2025,958 
57257257G,Enjuto Morales Dans,05/11/61,2025,300 
36836837S,Francisco Padro Narvaez,19/02/60,2025,172 
45045045B,Francisco Avila Mas,28/04/68,2025,340 
08508509N,Eva Reyes Martinez,18/06/88,2025,537 
48248248I,Camilo Gibson Lobo,03/03/64,2025,122 
32632633D,Margarita Lopez Mas,30/06/70,2025,863 
62162162D,Jack Dans Martinez,14/04/98,2025,311 
35435436A,Luis Reyes Gonzalez,05/08/02,2025,714 
81881881G,Blas Martinez Argudo,27/05/01,2025,261 
81181181Z,Camilo Mojamuto Moreno,01/05/57,2025,380 
04804806G,Jose Mas Moreno,08/08/64,2025,222 
36036036M,Enjuto Locke Sparrow,27/12/95,2025,081 
88388388T,Sofia Moreno Marques,26/03/68,2025,121 
24124125Z,Gonzalo Sparrow Poza,25/04/71,2025,612 
43943944W,Petra Moss Padro,26/09/86,2025,076 
75775775F,Francisco Coll Dans,29/08/76,2025,219 
81681681R,Camilo Dans Sparrow,10/03/79,2025,961 
81781781P,Restituta Coll San,13/11/71,2025,682 
24624625M,Restituta Garau Avila,22/10/72,2025,926 
75075075K,Luisa Lopez Torres,12/06/53,2025,051 
21821822I,Pedro Lopez Moss,26/03/61,2025,496 
13413414U,Randall Mas Marques,26/03/64,2025,437 
95995995H,Irene Pelaez Dans,10/08/85,2025,585 
95695695H,Hugo Gibson Ribera,09/05/71,2025,587 
37637638U,Gonzalo Lobo Garau,18/04/90,2025,144 
40740741K,Margarita Gracia Gonzalez,12/07/54,2025,275 
88288288X,Enjuto Linus Ribas,10/01/96,2025,599 
56456456L,Eva Linus Avila,16/10/74,2025,233 
46646647W,Restituta Poza Mojamuto,20/05/60,2025,506 
35535536W,Pedro Pomares Pomares,09/03/81,2025,650 
12912914E,Luis Reyes Ribas,15/05/84,2025,977 
88988988H,Jack Argudo Moss,01/01/94,2025,805 
06406407L,Camilo Coll Padro,05/04/72,2025,042 
98098097X,Benjamin Morales Garau,15/02/77,2025,013 
35835836X,Pedro Moreno Pomares,02/11/81,2025,258 
97697697P,Alberto Mojamuto Garau,05/08/51,2025,720 
12312313Z,Camilo Reyes Dominguez,02/01/74,2025,526 
07607608H,Hugo Sparrow Padro,31/10/99,2025,103 
21721722E,Clodoveo Lopez Lopez,14/12/80,2025,695 
60960961J,Gonzalo Cozar Dans,21/07/86,2025,219 
19319320C,Jack Marques Morales,23/10/89,2025,459 
01801803Q,Benjamin Narvaez Dominguez,22/06/95,2025,182 
27227228G,Luis Lobo Reyes,09/07/80,2025,793 
41741742U,Randall Lopez Ribas,09/04/65,2025,296 
54254254X,Randall Narvaez Linus,11/10/57,2025,913 
41841842J,Gabriel Moreno Cozar,01/07/01,2025,429 
68568568B,Petra Morales Mojamuto,19/04/88,2025,933 
40240240U,Sofia Dans Padro,28/04/75,2025,759 
74874874A,Sofia Moss Ribas,08/07/60,2025,006 
58658658Q,Clodoveo Garau Ribera,29/04/85,2025,219 
01501502X,Gabriel Mas Moss,06/01/58,2025,957 
98498498O,Randall Linus Morales,02/02/96,2025,453 
77677677M,Restituta Gracia Mojamuto,13/06/66,2025,680 
60360360P,Gabriel Linus Coll,27/10/51,2025,058 
63363363L,Emiliano Vallejo Dominguez,28/07/54,2025,750 
66366366A,Randall Dominguez Gibson,09/02/74,2025,316 
13713714J,Jose Argudo Gonzalez,03/11/97,2025,262 
71871871N,Sofia Gracia Moreno,16/06/64,2025,863 
57857858M,Irene Moss Dominguez,29/03/63,2025,464 
76076076T,Luis Padro Ribera,28/05/67,2025,390 
93793793I,Pedro Mas Mojamuto,25/07/62,2025,310 
22822823O,Irene Vallejo Pomares,16/02/89,2025,841 
42242242O,John Dans Pomares,30/07/56,2025,583 
42042042M,Camilo Sparrow Mas,14/07/72,2025,853 
13913915Y,Eva Poza Martinez,08/02/99,2025,787 
12512513C,Gabriel Pelaez Moreno,14/02/81,2025,497 
93693693Q,Alfredo Mojamuto Martinez,23/07/92,2025,509 
50750751J,John Coll Ribera,22/12/51,2025,313 
85285285H,Sofia Gibson Punset,09/10/65,2025,018 
79979979X,Irene Linus Gonzalez,06/01/63,2025,843 
27027027A,Blas Mas Garau,18/10/77,2025,416 
81981981R,Enjuto Lobo Moss,08/07/80,2025,597 
57657658J,Sofia Lopez Coll,23/07/91,2025,642 
51151151X,Benjamin Garau Argudo,25/12/64,2025,736 
84784784U,Margarita Sparrow Moreno,21/08/84,2025,818 
50350350K,Petra Mojamuto Coll,28/05/63,2025,260 
45645646B,Eva Marques Gracia,04/11/68,2025,373 
35735736T,Armando Moreno Linus,23/09/88,2025,779 
72372372C,Gonzalo Gonzalez Argudo,15/10/65,2025,715 
12612613L,Alberto Pelaez Narvaez,27/01/91,2025,704 
64464464G,Margarita Torres Torres,07/02/70,2025,963 
04004005Q,John Gracia Moreno,02/10/95,2025,852 
54754755D,Alberto Torres Argudo,27/06/83,2025,997 
30430431I,Alberto Mas Marques,21/01/94,2025,338 
41241241J,Eva Poza Vallejo,07/01/76,2025,737 
88788788S,Eva Padro Pelaez,18/07/81,2025,397 
87887887I,Alberto Pomares Coll,24/06/68,2025,093 
30830831D,Hugo Lopez Poza,19/04/53,2025,769 
77177177N,Gonzalo Argudo Avila,10/03/82,2025,000 
44044044G,Luisa Gonzalez Gonzalez,20/09/03,2025,409 
11611612H,Emiliano Argudo Punset,12/09/99,2025,835 
76276276S,Hugo Punset Mojamuto,20/01/61,2025,219 
46946947B,Randall Gonzalez San,28/10/63,2025,367 
89889889F,Irene Gonzalez Dominguez,14/04/56,2025,090 
56156156S,Eva Moreno Gibson,16/09/68,2025,948 
33533534J,Sofia Poza San,14/08/73,2025,138 
34834835E,Emiliano Padro Punset,03/07/93,2025,598 
07107108U,Alfredo Gracia San,23/01/77,2025,988 
85585585C,Luisa Argudo Padro,20/09/90,2025,915 
47347347U,John Lobo Gibson,24/12/93,2025,466 
16716717H,Margarita Narvaez Avila,29/01/59,2025,094 
90990990E,Blas Vallejo Argudo,12/11/66,2025,467 
78678678B,Jose Punset Moreno,01/06/78,2025,267 
45445446Q,Petra Moreno Ribera,24/02/97,2025,581 
78178178C,John Vallejo Morales,22/03/81,2025,811 
82082081P,Emiliano Linus Locke,18/05/71,2025,488 
62462462K,Gabriel Marques Avila,25/10/56,2025,028 
23323324X,Kate Coll Cozar,09/10/64,2025,789 
48348348Z,Enjuto Vallejo San,23/09/62,2025,286 
95095094K,Jack Mas Linus,04/09/62,2025,338 
07207208I,Sofia Dominguez Lopez,20/11/60,2025,506 
53853854K,Camilo Garau Torres,28/11/87,2025,332 
55255255Z,Jack Ribas Gibson,18/05/96,2025,822 
01401402D,Armando Garau Gibson,11/09/95,2025,081 
91291290F,Hugo Cozar Cozar,02/08/52,2025,705 
29329330C,Margarita Linus Vallejo,03/08/57,2025,738 
06106107S,Margarita Martinez Lobo,19/03/63,2025,312 
96796796G,Alberto Mas Lopez,11/05/98,2025,171 
64364364G,Hugo Vallejo Moss,24/06/74,2025,340 
03403404J,Irene Pomares Pelaez,25/09/61,2025,022 
38038038N,Luis Mojamuto Moss,15/01/73,2025,235 
81281281L,Gabriel Dominguez Gracia,17/04/79,2025,595 
81481481X,Benjamin Mas Poza,25/12/83,2025,380 
69669669Y,Luis Marques Mojamuto,13/11/81,2025,271 
84484484L,Camilo Gibson Pelaez,08/08/04,2025,538 
66466466X,Armando Pomares Punset,01/03/78,2025,812 
03003004P,Sofia Locke Locke,21/02/74,2025,084 
54854855K,Luis Pomares Marques,13/05/84,2025,299 
02702704O,Emiliano Torres Coll,05/06/02,2025,269 
73373373R,Benjamin Martinez Cozar,18/02/56,2025,717 
14714715L,Hugo Dans Moreno,01/09/83,2025,944 
77077077D,Gabriel Locke Vallejo,04/10/93,2025,100 
57157157P,Clodoveo Moreno Argudo,18/06/51,2025,606 
28328329K,John Pomares Moss,25/02/67,2025,288 
33333334N,Hugo Gibson Ribas,12/01/55,2025,599 
76176176S,Pedro Mas Vallejo,06/03/54,2025,562 
26726727Z,Jack Punset Reyes,25/05/01,2025,722 
09209210T,Emiliano Argudo Lopez,27/09/65,2025,970 
75475475S,Jose Reyes Marques,15/12/95,2025,051 
29929930H,Clodoveo Cozar Ribera,09/09/94,2025,306 
97497497K,Camilo Cozar Martinez,28/05/81,2025,042 
87687687E,Alfredo Garau Martinez,01/02/63,2025,304 
24024025M,Luis Poza Marques,13/12/94,2025,579 
03203204B,Clodoveo Torres Dominguez,05/03/95,2025,252 
73173173J,Irene Marques Ribera,06/09/66,2025,902 
43643644C,Camilo Marques Mas,11/01/78,2025,400 
75975975X,Randall Cozar Avila,06/06/81,2025,375 
84684684E,Benjamin Gibson Gracia,14/08/90,2025,072 
21621622W,Camilo Lobo Coll,22/05/02,2025,397 
10710711U,Jack Gonzalez Ribas,12/11/71,2025,801 
77977977B,Restituta Poza Poza,22/10/95,2025,414 
99199198B,Gonzalo Cozar Argudo,25/07/53,2025,903 
20820821O,Pedro Martinez San,16/09/82,2025,255 
33733734D,Eva Ribera Argudo,28/04/63,2025,889 
60860861T,John San Marques,30/11/85,2025,978 
58358358M,Alfredo Narvaez Dominguez,26/03/65,2025,056 
82282282P,Benjamin Cozar San,14/09/04,2025,372 
56756757X,Jack Pelaez Gonzalez,31/07/77,2025,839 
43343343X,Benjamin Reyes San,20/06/78,2025,291 
20020021P,Blas Mas Martinez,09/03/50,2025,403 
35335336A,Kate Avila Argudo,02/04/52,2025,622 
35635636Z,Alberto Marques Lopez,11/03/64,2025,103 
75375375T,Camilo Poza Moss,09/04/88,2025,081 
96696696B,Alfredo Ribas Pelaez,25/11/72,2025,130 
51351351A,Clodoveo Moss Dominguez,26/01/51,2025,609 
11511512F,Hugo Avila Pomares,16/04/01,2025,997 
64264264Y,Jose Vallejo Dans,28/03/96,2025,745 
96096095S,Benjamin Punset Cozar,02/04/62,2025,718 
96596596C,Jack Moreno Moreno,18/01/72,2025,286 
69969970H,Irene Moreno Lobo,23/09/59,2025,025 
66766766Q,Alberto Garau Punset,23/07/52,2025,602 
43843844T,Luisa Argudo Sparrow,17/06/98,2025,301 
19619620O,Luis San Locke,06/05/64,2025,286 
21921922R,Kate Moss Lopez,04/12/04,2025,497 
46146146T,John Gracia Ribas,21/03/04,2025,276 
99299298Q,Alfredo Mojamuto Lopez,13/02/64,2025,486 
23423424Y,Eva Ribas Gibson,22/04/80,2025,538 
51251251H,Sofia Sparrow Marques,04/08/56,2025,823 
83083082C,Luis Gracia San,01/02/93,2025,785 
17217218E,Jack Torres Mas,31/03/50,2025,947 
08208209F,Gabriel Gracia Dominguez,14/10/90,2025,021 
78978978E,Randall Pomares Cozar,11/03/80,2025,692 
40640641N,Luis Linus Torres,14/11/76,2025,062 
32332333Z,Camilo Punset Vallejo,28/07/76,2025,504 
18418419E,Sofia San Pelaez,03/09/84,2025,410 
92092091C,Irene Vallejo Pomares,22/12/01,2025,407 
17917919D,Clodoveo Moreno Argudo,12/09/01,2025,086 
46346346Q,Alfredo Dans Garau,16/08/54,2025,780 
49249249I,Benjamin Narvaez Torres,19/12/63,2025,818 
44344344F,Gonzalo Garau Narvaez,14/01/82,2025,956 
16616617C,Jack Mas Torres,25/08/82,2025,235 
83983983K,Pedro San Dominguez,08/05/55,2025,180 
99399398R,Luis Locke Punset,27/04/84,2025,918 
29029029R,Eva Gonzalez Moss,29/12/98,2025,908 
65265265R,John Dans Padro,21/12/96,2025,596 
83183183Z,Randall Pomares Linus,28/01/82,2025,252 
69169169Y,Randall Sparrow San,29/03/59,2025,995 
89489489T,Jose Marques Dominguez,20/03/87,2025,358 
86086085J,Restituta San Cozar,06/04/91,2025,814 
65165165U,Gabriel Moss Pelaez,23/09/00,2025,893 
05505506P,Randall Gonzalez San,09/02/50,2025,487 
02402403Z,Blas Moss Pomares,20/12/94,2025,309 
08008009B,Emiliano Vallejo Punset,17/01/88,2025,104 
47147147E,Margarita Pomares Vallejo,02/03/95,2025,119 
89689689H,Enjuto Sparrow Lopez,04/03/56,2025,582 
98398397T,Pedro Gonzalez Dominguez,24/08/58,2025,179 
64564564M,Kate Gibson Avila,17/10/79,2025,589 
99099098A,Enjuto Mas Vallejo,16/12/83,2025,674 
47947948J,John Garau Avila,08/05/99,2025,415 
92692692W,Gabriel Padro Argudo,24/05/62,2025,458 
00200201S,Jack Padro Morales,26/03/93,2025,701 
17817818X,Petra Moss Sparrow,26/07/93,2025,822 
16016017K,Alfredo Coll Pelaez,09/06/84,2025,717 
38338339C,Francisco Gonzalez Moss,07/10/64,2025,333 
43543544K,Francisco Reyes Lobo,22/12/64,2025,707 
79279279G,Restituta Argudo Poza,17/08/62,2025,780 
25925926E,Randall Avila Morales,18/12/54,2025,726 
05905907E,Margarita Moss Moss,25/08/58,2025,495 
44744745T,Gabriel Dans Cozar,18/12/66,2025,176 
48748749R,Sofia Ribera Garau,06/04/02,2025,816 
18018019F,John Locke San,28/09/67,2025,604 
50950951M,Restituta Vallejo Pelaez,04/01/55,2025,867 
13213214A,Jose Martinez Morales,23/01/69,2025,557 
61761762W,Francisco Linus Ribas,30/04/54,2025,002 
42742743K,Blas Padro Avila,22/10/02,2025,740 
54654655N,Alfredo Coll Punset,29/10/51,2025,757 
82582582I,Emiliano Linus Moss,28/05/59,2025,615 
27827828K,Kate Sparrow Morales,03/05/91,2025,005 
65665665D,Enjuto Linus Moreno,04/03/63,2025,354 
94694694B,Emiliano Mojamuto Dominguez,16/08/62,2025,312 
61061061Q,John Coll Mojamuto,12/08/74,2025,446 
71971972K,Benjamin Ribas Ribas,26/05/64,2025,312 
14914916I,Randall Avila Vallejo,22/09/99,2025,819 
74074074B,Clodoveo Gibson Ribera,07/10/02,2025,178 
16816817E,Hugo Punset Dans,07/05/66,2025,395 
59759760N,Armando Garau Punset,24/08/99,2025,412 
82182182X,Jose Gibson Dans,13/06/74,2025,885 
70070070M,Armando Avila Poza,02/05/79,2025,301 
52952953M,Armando Pelaez San,03/01/88,2025,756 
95495495H,Clodoveo Garau Argudo,29/03/71,2025,169 
78778778E,Pedro Moss Sparrow,18/01/04,2025,903 
09009010O,Armando Gracia Cozar,07/10/61,2025,171 
16316317F,Eva Linus Mas,11/10/04,2025,107 
54354354D,Irene Marques Morales,22/03/72,2025,948 
47847848G,Camilo Garau Avila,06/10/99,2025,360 
82382382E,Clodoveo Ribas Gonzalez,20/10/70,2025,325 
11811813G,Gonzalo Sparrow San,17/11/68,2025,410 
91891891Q,Randall Avila Sparrow,04/09/88,2025,052 
78878878H,Alberto Garau Gibson,21/01/78,2025,415 
60460460U,Benjamin Mojamuto Punset,07/12/96,2025,577 
72972973K,Blas Poza Pomares,16/02/99,2025,307 
63563563D,Francisco Mas Dans,02/01/67,2025,368 
08808810I,Gabriel Gibson Pomares,11/02/67,2025,454 
53253253M,Alfredo Marques Vallejo,08/06/78,2025,700 
97997997A,Alfredo Mas Lopez,30/01/86,2025,156 
68868868Y,Eva Gonzalez Padro,20/04/98,2025,981 
64664664U,Petra Ribas Gracia,06/04/03,2025,460 
07007008P,Alfredo Poza Morales,30/03/61,2025,099 
63663663P,Armando Morales Lobo,23/07/88,2025,777 
31431432P,Blas Dans Lobo,14/04/66,2025,888 
82982982N,Luisa Padro Poza,01/03/57,2025,167 
41341342S,Gabriel Moss Linus,30/11/51,2025,253 
66166166P,Emiliano Dans Poza,26/05/81,2025,090 
56956957Z,Blas Torres Cozar,19/05/59,2025,037 
68068068L,Sofia Argudo Ribas,08/02/86,2025,086 
54554554I,Pedro Gracia Lobo,23/06/82,2025,105 
67267267E,Pedro Dominguez Moss,28/06/58,2025,075 
57357357S,Restituta Narvaez Moreno,30/08/69,2025,726 
70370370P,Jack Ribas Torres,09/06/79,2025,916 
66866867R,Gabriel Ribas Gracia,09/10/81,2025,889 
74974974H,Irene Cozar Punset,20/06/65,2025,305 
76876876K,Gabriel Mojamuto Narvaez,13/02/56,2025,813 
39139139E,Gonzalo Gibson Mas,28/01/77,2025,426 
28028028P,Pedro Pelaez Avila,16/08/98,2025,359 
00400401A,Luisa Ribas Pomares,14/03/56,2025,657 
96296295R,Eva Dominguez Lopez,11/07/60,2025,149 
95795795L,Jack Narvaez Poza,20/07/71,2025,326 
01901903D,Eva Avila Lobo,06/06/83,2025,725 
18218219A,Randall Moss Dans,30/10/60,2025,963 
86586586N,Gabriel Mas Narvaez,24/07/63,2025,122 
07807809S,Armando Poza Mojamuto,02/01/53,2025,245 
80380380Z,Eva Pelaez Narvaez,11/05/78,2025,236 
06806808R,Margarita Ribera Pelaez,11/11/65,2025,604 
47247247A,Luisa Gonzalez Locke,04/05/64,2025,439 
60160160M,Petra Garau Lopez,06/01/78,2025,210 
29529530T,Armando Dominguez Padro,21/11/02,2025,993 
90790790U,Eva Lobo Lopez,21/10/01,2025,170 
13113114N,Kate Dans Morales,11/07/83,2025,393 
04104105D,Camilo Vallejo Linus,05/08/97,2025,641 
74574574D,Alberto Pelaez Lopez,05/07/82,2025,432 
99599599Y,Sofia Coll Garau,26/10/51,2025,213 
73473473D,Kate Pelaez Pelaez,30/06/88,2025,494 
39639640S,Armando Locke Narvaez,24/09/58,2025,538 
26326327S,Clodoveo Linus San,14/12/77,2025,512 
17617618K,Clodoveo Moss Gonzalez,12/05/89,2025,567 
36736737B,Gabriel Reyes Poza,11/09/51,2025,613 
43243243Q,Camilo Moreno Dominguez,19/03/64,2025,894 
13813815B,Pedro Moreno Mas,27/12/97,2025,959 
51951952M,Margarita Garau Mojamuto,22/12/55,2025,520 
31931932S,Alfredo Lopez Moreno,03/05/99,2025,316 
11411412I,John Dans Moreno,07/02/01,2025,606 
45245245P,Luis Sparrow Dominguez,25/12/55,2025,917 
44944945L,Armando Argudo Morales,08/04/87,2025,160 
72272272J,Armando Ribas Martinez,28/08/61,2025,841 
39539540K,Alfredo Moss Linus,20/09/79,2025,675 
77577577E,Pedro Gonzalez Sparrow,26/12/86,2025,238 
83383383Y,Jose Poza Ribera,06/07/68,2025,792 
15815816P,Pedro Reyes Gracia,21/01/68,2025,016 
79679679S,Luisa Padro Mas,18/01/68,2025,445 
49449449L,Randall Garau Sparrow,12/07/64,2025,594 
10810812U,Hugo Poza Argudo,21/04/80,2025,947 
51851852P,Emiliano Ribera Argudo,02/05/53,2025,700 
17117118Z,Jose Linus Coll,01/10/59,2025,693 
39239239Y,Gabriel Marques Lobo,08/12/02,2025,395 
70270270Y,Jack Dans Torres,30/10/55,2025,303 
93493493I,Restituta Linus Narvaez,29/10/87,2025,329 
11111112J,Alberto Poza Dominguez,27/03/00,2025,319 
02602604E,Randall Lopez Gonzalez,17/08/99,2025,975 
22122123U,Jack Poza Gonzalez,06/06/77,2025,150 
26526527W,Restituta Gracia Moreno,15/09/95,2025,346 
15715716W,Gabriel Pomares Padro,01/12/65,2025,077 
76376376Q,Clodoveo Marques Marques,08/09/51,2025,293 
65565565Q,Emiliano Garau Avila,18/11/75,2025,588 
38538539A,Clodoveo Gonzalez Dans,05/11/97,2025,331 
17417418Z,Jack Punset Moss,10/03/81,2025,166 
71071071N,Benjamin Dans Mojamuto,09/03/61,2025,706 
26026027K,Blas Marques Garau,28/11/00,2025,264 
16516517W,Luisa Poza Poza,01/06/94,2025,907 
54954955J,Blas Mojamuto Martinez,11/04/61,2025,594 
33933934Q,Luis Locke Marques,07/04/04,2025,745 
09109110W,Jack Avila Mojamuto,04/12/73,2025,133 
41141141E,Francisco Torres Gibson,04/04/98,2025,263 
09809811Z,Jose Reyes Morales,04/12/96,2025,643 
51551552O,Irene Padro Mas,27/05/77,2025,972 
12712713D,Petra Lobo Lobo,23/12/54,2025,359 
76976976S,Emiliano Gibson Poza,17/11/54,2025,567 
52252252G,Jack Moss Ribas,12/04/53,2025,551 
94194193W,Kate Gibson Morales,01/03/72,2025,303 
99499499N,Clodoveo Cozar Narvaez,09/10/89,2025,578 
23923924A,Eva Mas Narvaez,21/02/84,2025,830 
68468468I,Camilo Garau Torres,10/09/76,2025,573 
38738739G,Enjuto Sparrow Moss,29/05/66,2025,079 
19119120G,Jack Narvaez Morales,24/02/67,2025,696 
40940941Z,Francisco Avila Dans,31/01/73,2025,356 
08408409F,Petra Dominguez Locke,07/06/54,2025,226 
21221222A,Armando Poza Dominguez,25/01/63,2025,411 
15615616D,Camilo Lobo Punset,18/01/69,2025,135 
31031031Q,Restituta Garau Cozar,18/03/78,2025,817 
20720721R,Clodoveo Moreno Garau,22/09/78,2025,918 
56556556Z,Clodoveo Argudo Narvaez,12/11/04,2025,974 
38238238T,Sofia Mojamuto Torres,03/11/83,2025,636 
21521522M,Blas Padro Punset,16/04/87,2025,574 
98698698G,Petra Moss Gracia,24/01/89,2025,277 
25825826F,Clodoveo Linus Mas,13/04/55,2025,592 
65065065P,Gabriel Lobo Moss,11/10/66,2025,890 
08608609U,Randall Argudo Moss,19/08/96,2025,895 
96496496C,Jack Linus Mojamuto,14/02/57,2025,447 
92492492L,Blas Dominguez Mas,16/07/73,2025,483 
62662662H,Irene Poza Torres,26/07/80,2025,724 
30230231R,Jack Gibson Dans,10/03/87,2025,942 
63963964T,Gonzalo Vallejo Poza,01/07/97,2025,641 
86886886D,Alfredo Mas Torres,31/05/64,2025,725 
53353353I,Kate Reyes Ribas,03/04/88,2025,987 
31131132F,Jose Avila Sparrow,02/01/95,2025,844 
00300301T,Sofia Linus Reyes,17/07/80,2025,676 
60760761E,Jose Padro Martinez,18/07/88,2025,242 
05705707B,Kate Dans Padro,22/07/74,2025,558 
30730731J,Irene Moreno Narvaez,25/08/78,2025,090 
55955956I,John Torres Poza,17/10/89,2025,507 
82782782D,Sofia Gibson Dans,01/12/58,2025,680 
34134134B,Enjuto Locke Marques,15/06/04,2025,546 
95595595N,Enjuto Pelaez Avila,20/05/92,2025,918 
62362362A,Gabriel Moreno Lobo,24/07/87,2025,812 
69569569J,John Argudo Moreno,17/12/01,2025,165 
20220221S,Irene Linus San,16/02/97,2025,542 
12112113K,Restituta Marques Dominguez,31/08/68,2025,913 
04304305Z,Gabriel Moss Gracia,31/05/96,2025,798 
62862863L,Jack Coll Vallejo,29/08/89,2025,842 
26626627M,Benjamin Martinez Morales,17/03/51,2025,805 
88188187D,Restituta Gracia Avila,06/06/55,2025,345 
87187186U,Clodoveo Moreno Avila,16/11/94,2025,652 
09909911B,Benjamin Lobo Vallejo,25/07/89,2025,146 
31231232F,Hugo Lopez Pelaez,24/02/80,2025,670 
13313314K,Gabriel Mas Lopez,23/11/83,2025,745 
23123124D,Clodoveo Gonzalez Avila,05/07/04,2025,634 
30930931L,Alfredo Gonzalez Pomares,17/08/50,2025,015 
35935936Y,Randall Poza Narvaez,21/07/64,2025,760 
01001002Z,Margarita Vallejo Locke,17/11/02,2025,083 
47547548S,Margarita Gracia Pelaez,20/10/62,2025,075 
60260260F,Luis Pomares Moss,08/12/86,2025,913 
50450450W,Margarita Padro Dans,12/09/70,2025,677 
60560560L,Restituta Mas Mojamuto,20/11/78,2025,697 
64764764A,Kate Dans Narvaez,19/04/56,2025,742 
25525526U,Luisa Coll Punset,20/04/94,2025,794 
26426427U,Luisa Morales Garau,26/06/95,2025,766 
05305306U,Camilo Pomares Garau,11/03/77,2025,852 
14514515N,Blas Avila Narvaez,23/09/53,2025,055 
52152152L,Alfredo Moss Poza,16/03/67,2025,885 
71471471J,Enjuto Argudo Torres,14/06/01,2025,347 
23523524J,Jack Reyes Reyes,26/01/86,2025,829 
32732733O,Jack Lobo Gonzalez,05/05/55,2025,484 
21421422A,Gabriel Gracia Cozar,02/11/82,2025,765 
00500501F,Armando Vallejo Moreno,25/10/55,2025,479 
47747748F,Luis Moreno Padro,03/11/51,2025,479 
73773773H,Luisa Dominguez Marques,06/06/02,2025,537 
69469469H,Gonzalo Sparrow Mas,15/05/01,2025,111 
24924925P,Blas Poza Coll,19/06/55,2025,620 
77777777L,Luisa Garau Marques,12/09/73,2025,507 
25725726R,John Narvaez Ribera,23/03/00,2025,576 
86786786P,Petra Moreno Linus,29/04/00,2025,224 
90090089O,Emiliano Padro Vallejo,09/02/72,2025,817 
28728729S,Francisco Vallejo Avila,10/10/95,2025,609 
74274274G,Alfredo Gracia Locke,19/11/69,2025,347 
69369369N,Margarita Pomares Mas,05/05/58,2025,377 
59559559P,Luis Ribera San,19/11/97,2025,563 
93593593W,Petra Sparrow Mas,02/04/77,2025,909 
80480480M,Kate Gonzalez Coll,22/11/92,2025,209 
46246246M,Jack Punset San,23/12/65,2025,868 
20420421S,Camilo Moreno Dominguez,06/07/57,2025,710 
24224225C,Benjamin Dans Pomares,09/05/58,2025,922 
77877877H,Gabriel Punset Argudo,27/03/75,2025,029 
94494494E,Benjamin Argudo Cozar,13/02/50,2025,117 
39839840Y,Enjuto Moreno Moreno,18/02/68,2025,910 
05405406R,Clodoveo Ribas Garau,07/03/67,2025,328 
18118119G,Restituta Linus Argudo,30/09/99,2025,748 
79179179U,Petra Punset Morales,19/04/55,2025,884 
06006007X,Sofia Dans Ribera,16/05/01,2025,325 
34734735K,Jose Lobo Gonzalez,11/05/70,2025,699 
63263263M,Alfredo Avila Locke,16/04/85,2025,885 
83283283C,Blas Reyes Gibson,31/08/03,2025,962 
87487487G,Irene Gibson Dans,18/10/93,2025,448 
13613614M,Clodoveo Cozar Lopez,23/10/81,2025,739 
32432433P,Alfredo Linus Punset,19/04/79,2025,848 
75175175R,Alfredo Ribera Moss,25/01/64,2025,439 
36136136E,Margarita Vallejo Gibson,03/11/52,2025,770 
06506507R,Camilo Gracia Dominguez,07/07/92,2025,353 
10010011X,Gonzalo Vallejo Narvaez,27/02/00,2025,952 
89989989Y,Sofia Dans Argudo,16/01/78,2025,097 
24424425N,Clodoveo Moss Gonzalez,11/03/00,2025,773 
20520521M,John Moreno Lopez,04/11/89,2025,500 
97897897Q,Jack Dans Morales,10/10/57,2025,751 
45945946U,Restituta Pelaez Garau,09/09/78,2025,648 
44844845T,Blas Avila Dans,09/01/04,2025,502 
42842843W,Luisa Lobo San,14/08/60,2025,556 
37937938N,Jack Gonzalez Gracia,14/02/89,2025,804 
40840841H,Pedro Dans Mas,11/01/92,2025,329 
15215216K,Randall Ribas Gracia,17/05/84,2025,610 
01601603T,Randall Locke Moreno,06/03/84,2025,421 
18918920A,Kate Punset Dans,14/07/77,2025,522 
70670670G,Clodoveo Gracia Lobo,06/10/74,2025,136 
47447447M,Randall Coll Sparrow,13/06/56,2025,684 
70470470U,Enjuto Moreno Padro,06/08/70,2025,996 
69769769G,Jose Dominguez Mas,10/02/51,2025,936 
95395394H,Armando Dans Lobo,25/02/63,2025,950 
78278278C,Clodoveo Moss Locke,06/02/59,2025,277 
95295294M,Luisa Gibson Ribera,06/10/96,2025,577 
27527528N,Gabriel Dominguez Pomares,08/04/80,2025,433 
63063063X,Gonzalo Punset Padro,19/09/60,2025,788 
90490490K,Randall Garau Gracia,09/06/59,2025,229 
45145145F,Eva Ribera Locke,11/11/02,2025,353 
56056056O,John Punset Locke,07/09/55,2025,106 
28228229M,Armando Locke Mas,07/10/57,2025,685 
35235236B,Sofia Narvaez Punset,27/02/53,2025,333 
42342342E,John Locke Dominguez,23/08/99,2025,596 
22522523U,Margarita Dominguez Argudo,02/03/96,2025,387 
18318319W,Irene Gonzalez Gibson,23/11/51,2025,584 
03503504F,Blas Ribera Martinez,05/02/74,2025,860 
34034034T,Irene Gibson Morales,09/09/97,2025,488 
05105106R,John Ribas Martinez,21/09/86,2025,025 
16116117K,Sofia Morales Gibson,05/10/69,2025,658 
49049049H,Francisco Moss Moss,09/01/60,2025,971 
91091090H,Jose Argudo Lopez,16/05/92,2025,097 
06606607Y,Hugo Ribas Locke,19/03/86,2025,247 
37837838M,Margarita Martinez Argudo,11/12/63,2025,030 
88088087T,Luis San Reyes,24/10/61,2025,967 
99899899C,Jack Sparrow Linus,19/03/60,2025,738 
39939940E,Kate Martinez Dans,05/11/98,2025,456 
33433434X,Alfredo Marques Gibson,31/07/81,2025,618 
61161161Q,Camilo Locke Pomares,25/03/03,2025,778 
50150150A,Irene Ribas Coll,14/06/00,2025,921 
36236237D,Hugo Dans Coll,20/08/57,2025,820 
97397396O,Armando Garau Lopez,12/07/61,2025,956 
94794794L,Francisco Lopez Punset,04/03/86,2025,669 
28528529W,Jack Moreno Mojamuto,12/01/73,2025,346 
68768768M,Alberto Gracia Marques,17/03/77,2025,570 
70970971F,Gabriel Martinez Pelaez,03/02/93,2025,561 
01201202B,Blas Argudo Coll,27/07/96,2025,318 
43043043L,Alberto Avila Gracia,21/03/96,2025,039 
90390390D,Irene Narvaez Moreno,14/03/98,2025,028 
00600602O,Benjamin San Sparrow,26/12/77,2025,619 
08108109L,Sofia Dominguez Martinez,16/07/93,2025,358 
38638639O,Sofia Sparrow Locke,19/12/02,2025,071 
25625626L,Margarita Locke Poza,10/01/75,2025,174 
62062062T,Luisa Argudo Dominguez,27/06/58,2025,112 
80680680S,Sofia Marques Lobo,31/01/59,2025,496 
93393393Y,Gabriel Ribas Marques,25/03/83,2025,718 
91191190Q,Alberto Avila Cozar,02/09/54,2025,371 
59159159F,Enjuto Reyes Avila,04/06/04,2025,116 
70870870R,Camilo Cozar Ribas,03/11/58,2025,075 
22422423L,Camilo Lopez Garau,11/12/54,2025,186 
80880880F,Hugo Avila Argudo,27/04/58,2025,058 
30530531L,Eva Gracia Garau,26/11/62,2025,609 
72572572M,Irene Pelaez Argudo,24/08/81,2025,668 
86686686Z,Sofia Mojamuto Pelaez,18/02/79,2025,826 
70570570Y,Camilo Reyes Gibson,03/06/64,2025,040 
46546547U,Sofia Ribera Gibson,15/04/66,2025,492 
96996996Y,Gonzalo Punset Gonzalez,04/01/78,2025,556 
09609610T,Restituta Coll San,24/11/84,2025,508 
71371371W,Jack Reyes San,24/08/82,2025,007 
84184184M,Luisa Cozar Cozar,26/06/55,2025,663 
87987987M,Petra Lobo Mojamuto,21/09/67,2025,789 
73073073Z,Irene Moreno Mojamuto,27/03/03,2025,224 
83683683Q,Camilo Marques Garau,28/02/63,2025,962 
20620621S,Pedro Coll Lobo,27/04/53,2025,842 
65965966R,Petra Gracia Poza,23/06/84,2025,154 
54054054J,Clodoveo Torres Locke,29/01/55,2025,116 
70170170T,Enjuto Gracia Poza,13/12/90,2025,439 
89089088P,Hugo Argudo Sparrow,08/09/73,2025,031 
65365365C,Clodoveo Moss Gonzalez,18/06/69,2025,500 
56656657E,Benjamin Avila Punset,29/12/66,2025,290 
94594594M,Armando Vallejo Sparrow,12/10/81,2025,481 
07907909X,Clodoveo Cozar Locke,05/09/81,2025,666 
58058058K,Kate Vallejo Reyes,18/06/77,2025,910 
71271271L,Benjamin Garau Mojamuto,13/05/92,2025,356 
91491491P,Gonzalo Garau Ribera,14/07/62,2025,325 
25025026S,Armando Moreno Ribas,26/06/92,2025,165 
01101102P,Irene Moreno Reyes,05/08/03,2025,003 
44444445H,Margarita Reyes Coll,12/02/85,2025,615 
95895895H,Randall Pelaez Reyes,07/04/99,2025,058 
36536537A,Enjuto Mojamuto Gibson,24/10/75,2025,841 
50650651T,Francisco Argudo Ribera,15/02/96,2025,602 
00700702K,Kate Pelaez San,13/04/74,2025,750 
74674674H,Alfredo Gonzalez Cozar,12/06/79,2025,592 
80580580L,Alberto Locke Ribas,13/05/76,2025,704 
78578578D,Gonzalo Dans Locke,18/04/85,2025,513 
02902904L,Gabriel Vallejo Linus,21/08/71,2025,382 
00800802X,Emiliano Dans Sparrow,28/06/02,2025,946 
94094093H,Pedro Gonzalez San,14/12/91,2025,688 
33133133U,Francisco Dans Garau,14/01/04,2025,163 
51651652S,Luis Dans Gracia,22/05/54,2025,583 
85885885T,Jack Marques Vallejo,26/04/73,2025,078 
27727728G,Enjuto Marques Lobo,30/07/95,2025,516 
75575575F,Gonzalo Punset Gracia,25/04/60,2025,056 
10110111Q,Pedro Ribas San,26/08/98,2025,714 
68268268C,Enjuto Coll Padro,05/03/73,2025,707 
11711712R,Enjuto Martinez Moss,09/07/56,2025,530 
37237237Z,Margarita Lopez Dominguez,05/02/62,2025,037 
21021022D,Alfredo Gibson Avila,16/12/62,2025,668 
58758759Y,Kate Poza Lopez,11/09/96,2025,050 
72772772R,Jack Dominguez Torres,31/05/78,2025,822 
72072072K,Blas San Morales,23/09/80,2025,615 
36336337Z,Petra Moreno Gracia,26/01/73,2025,143 
88588588Q,Armando Poza Cozar,18/03/84,2025,642 
56256256Z,Emiliano Pelaez San,30/11/80,2025,093 
06906908C,Jack Vallejo Mojamuto,08/09/83,2025,126 
83483483A,Francisco San Moss,15/12/94,2025,096 
58258258N,Kate San Torres,16/09/52,2025,448 
79879879T,Luis Narvaez Dans,22/03/95,2025,511 
29729730Z,Blas Ribera Pomares,19/11/80,2025,646 
69869869L,Clodoveo Torres Gibson,30/07/94,2025,356 
73873873Z,Randall Reyes Dominguez,15/04/00,2025,474 
26126127D,Enjuto Torres Linus,04/08/92,2025,976 
31731732J,Pedro Dans Poza,13/10/72,2025,281 
19919921K,Gonzalo Argudo Lobo,17/12/73,2025,735 
45845846I,Francisco Torres Ribera,02/10/88,2025,448 
93893893N,Francisco Moreno Locke,23/06/65,2025,207 
91391391S,Pedro Coll Garau,01/04/80,2025,119 
01301302C,Eva Lopez Ribera,15/11/82,2025,214 
98798798M,Kate Gibson Mojamuto,15/06/70,2025,910 
91591591D,Gonzalo Padro Pelaez,02/01/55,2025,940 
88688688I,Hugo Mas Avila,22/09/76,2025,128 
49949950W,Hugo Lopez Coll,28/12/65,2025,403 
57057057J,Luis Pelaez Marques,19/12/81,2025,017 
23623624T,Clodoveo Lopez Avila,20/05/75,2025,482 
55055055U,Camilo Linus Torres,01/11/67,2025,649 
22222223H,Jack Avila Moss,05/02/02,2025,937 
41041041M,Enjuto Poza Pelaez,17/01/94,2025,794 
05805807B,Sofia Moss Vallejo,07/12/89,2025,177 
65465465J,Alfredo Narvaez Moreno,05/07/56,2025,310 
39039039Y,Luis Vallejo Locke,31/10/85,2025,644 
12212213I,Jose Punset Ribas,01/12/55,2025,009 
44244244J,Luis Marques Mas,14/04/67,2025,446 
97097096A,Enjuto Moss Dans,06/11/03,2025,309 
02302303G,Francisco Garau Gonzalez,07/12/63,2025,484 
22022023Q,Francisco Dominguez Argudo,14/09/54,2025,627 
90690690P,Jack Dans Ribas,01/12/93,2025,342 
16916918T,Luisa Mojamuto Pomares,10/10/82,2025,809 
67967968B,Emiliano San Moreno,17/03/66,2025,044 
37337338A,Francisco Vallejo Moreno,29/11/92,2025,380 
34934935K,Gabriel Torres Argudo,19/09/83,2025,446 
93193192Z,Enjuto Mas Moss,22/03/98,2025,319 
17317318P,Irene Ribera Dominguez,01/11/04,2025,917 
60660660Q,Jack Sparrow Locke,23/06/67,2025,172 
50250250M,Pedro Mojamuto Pelaez,06/05/74,2025,028 
48048048L,Pedro Ribas Pomares,16/08/85,2025,352 
84584584M,Alberto Gonzalez Locke,09/12/96,2025,352 
85685685T,Eva Dominguez Martinez,07/05/59,2025,472 
67767767O,Emiliano Lobo Gibson,03/08/86,2025,995 
34634635J,Benjamin Torres Argudo,19/12/62,2025,138 
74774774K,Randall Padro Gracia,15/08/56,2025,315 
11211212D,Alberto Argudo Moss,31/03/53,2025,274 
45545546Y,Jack Martinez Marques,08/04/85,2025,766 
85985985I,Hugo Pomares Pomares,23/11/00,2025,725 
93293292J,Enjuto Lopez Vallejo,08/06/83,2025,094 
18518519P,Sofia Linus Garau,05/09/86,2025,022 
62562562M,Eva San Padro,08/08/91,2025,815 
61261261R,Alberto Moss Cozar,28/06/99,2025,525 
42442443R,Hugo Poza Gibson,26/04/95,2025,001 
39439440S,Jack Ribera Lobo,24/01/73,2025,746 
59359359U,Gonzalo Reyes Marques,10/12/71,2025,458 
27127128D,Alberto Moss Lopez,30/12/59,2025,697 
40040040L,Pedro Dans Avila,07/08/99,2025,804 
12412413J,Luisa Torres Moss,16/07/96,2025,060 
20120121E,Enjuto Narvaez Gracia,23/02/65,2025,024 
66966967J,Jose Martinez Avila,23/06/69,2025,994 
31831832Q,Hugo Morales Pelaez,29/09/53,2025,573 
52752753O,Blas Morales Avila,04/02/62,2025,727 
67567567X,Camilo Cozar Torres,23/11/01,2025,592 
14314315S,Pedro Lobo Poza,03/07/97,2025,322 
46046046R,Eva Lobo Locke,11/08/86,2025,007 
14814816A,Enjuto Poza Locke,01/05/68,2025,925 
75675675T,Alfredo Moss Coll,30/05/52,2025,420 
92792792M,Armando Sparrow Martinez,28/10/73,2025,855 
41941942C,Jose Argudo Coll,21/03/88,2025,629 
76576576G,Kate Mojamuto Pomares,15/12/75,2025,313 
02002003U,John San Marques,27/09/03,2025,860 
83883883J,Sofia Martinez Poza,08/06/70,2025,648 
51751752Q,Hugo Coll Gracia,02/04/01,2025,651 
25425426N,Hugo Garau Padro,03/04/64,2025,220 
23823824E,Irene Marques Linus,16/11/54,2025,516 
09309310H,Alberto Locke Coll,13/05/91,2025,743 
65765765O,Petra Mojamuto Ribas,17/07/70,2025,297 
41641642M,Restituta Narvaez Argudo,26/07/95,2025,469 
29629630E,Enjuto Gibson Linus,01/09/71,2025,599 
96196195T,Luisa Pomares Ribera,20/11/64,2025,800 
30030030T,Petra San Lobo,03/07/86,2025,747 
42942943Y,Alfredo Reyes Coll,23/04/64,2025,856 
07407408A,Kate Linus Mas,07/04/66,2025,793 
00900902M,Enjuto Locke Gonzalez,01/03/94,2025,663 
03303304M,Benjamin Argudo Garau,02/10/78,2025,497 
00100101I,Emiliano Mas Narvaez,19/11/01,2025,848 
81381381D,Sofia Dans Cozar,08/06/03,2025,033 
07507508T,Sofia Gibson Argudo,05/08/63,2025,943 
97197196W,Randall Ribas Ribas,30/10/84,2025,472 
68968969N,Gabriel Lobo Narvaez,02/07/88,2025,119 
51451451S,Gabriel Sparrow Sparrow,25/05/93,2025,493 
69069069N,Eva Lopez Gracia,10/12/95,2025,601 
76476476N,Restituta Cozar Moreno,11/03/70,2025,748 
73973973M,Petra Gonzalez Vallejo,31/10/73,2025,898 
42542543F,Alberto Narvaez Gracia,02/05/82,2025,476 
20320321Z,Alfredo Reyes Punset,05/05/64,2025,342 
39339340M,John Morales Marques,29/08/98,2025,417 
56356356O,Enjuto Lopez Coll,03/11/04,2025,814 
43743744W,Sofia Cozar Dans,31/12/76,2025,420 
86186185F,Gabriel Marques Pelaez,09/11/67,2025,263 
67367367Z,Kate Reyes Vallejo,11/08/67,2025,312 
86486486N,Hugo Argudo Cozar,10/03/71,2025,457 
91991991A,Jack Coll Gonzalez,01/06/97,2025,379 
43143143W,Kate Torres Ribas,27/08/72,2025,388 
30130131J,Gabriel Punset Marques,06/08/56,2025,718 
92592592T,Jose Moss Linus,06/04/67,2025,863 
58458458U,Eva Dans Coll,08/08/60,2025,004 
78478478F,Armando Coll Narvaez,04/04/55,2025,794 
59259259U,Benjamin Lopez Mas,15/02/60,2025,263 
22622623Q,Hugo Dominguez Punset,17/06/94,2025,199 
85385385I,Armando Cozar Padro,15/12/69,2025,684 
82882882K,Alberto Ribas Ribera,01/12/92,2025,108 
71171171R,Margarita Mas Gonzalez,26/09/90,2025,481 
53753754F,Sofia Narvaez Avila,13/06/94,2025,554 
20920922K,Emiliano Gonzalez Gibson,18/08/03,2025,638 
44644645Y,Enjuto Avila Narvaez,28/01/67,2025,092 
05605606C,Armando Cozar Ribas,24/10/72,2025,003 
86386386E,Kate Linus Poza,31/05/97,2025,263 
36936937O,Sofia Mas Garau,27/09/90,2025,120 
75275275K,Hugo Narvaez Dans,08/02/83,2025,113 
64864865X,Hugo Morales Locke,04/02/53,2025,036 
16216217T,Luisa Morales Pomares,14/07/00,2025,065 
19019020W,Jose Morales Mas,20/09/71,2025,757 
35035035U,Sofia Punset Moss,03/11/02,2025,657 
03103104Y,Benjamin Dominguez Mojamuto,30/12/68,2025,345 
57457457O,Emiliano Moss Pomares,28/03/99,2025,780 
49549550J,Benjamin Garau Mas,01/09/56,2025,862 
22322323B,Kate Gonzalez San,12/07/01,2025,220 
19819820E,Eva Ribas Reyes,05/03/90,2025,545 
90190189O,Gonzalo Argudo Martinez,28/12/57,2025,902 
29129130K,Gabriel Argudo Moreno,15/10/76,2025,948 
96896896J,Camilo Dans Garau,07/07/01,2025,973 
74374374A,Alberto Reyes Pelaez,17/07/65,2025,707 
07307308F,Francisco Mas Dans,20/02/57,2025,278 
71671671J,John Avila Ribera,06/05/98,2025,101 
40440441N,Gabriel Morales Avila,06/07/60,2025,265 
08708710U,Camilo Dominguez Morales,28/09/62,2025,733 
13013014O,John Dans Martinez,03/04/69,2025,801 
97297296S,Alfredo Torres San,26/09/89,2025,723 
48848849X,Benjamin Argudo Pomares,27/06/89,2025,724 
91791791A,Blas Ribas Cozar,18/08/00,2025,332 
15015016N,Benjamin Ribera Ribera,24/05/71,2025,179 
31631632I,Armando Moss Gibson,28/04/82,2025,576 
66666666Y,Kate Vallejo Dominguez,14/01/01,2025,602 
72172172B,Luis Narvaez Marques,21/11/75,2025,928 
13513514E,Luis Gibson Martinez,04/10/62,2025,392 
56856857N,Petra Lopez Lobo,21/10/56,2025,320 
01701703K,Emiliano Gracia Marques,05/04/57,2025,539 
10510511F,Eva Ribera Pomares,07/04/95,2025,881 
17717718Z,Randall San Garau,26/06/69,2025,754 
41441442I,Margarita Marques Gibson,01/03/77,2025,621 
84884884W,Eva Avila Narvaez,09/10/58,2025,635 
15115116L,Camilo Vallejo Moss,04/12/51,2025,487 
79379379H,Sofia Punset Padro,31/10/82,2025,120 
52052052E,Eva Sparrow Ribas,23/01/03,2025,348 
76776776S,Blas Padro Poza,09/04/80,2025,036 
99999999I,Emiliano San Dans,22/03/55,2025,512 
61661661U,Gonzalo Sparrow Locke,04/07/50,2025,581 
02202203B,Margarita Martinez Pomares,17/03/60,2025,829 
37537538L,Kate Argudo Ribas,19/10/84,2025,552 
19419420M,Alfredo Gonzalez Narvaez,01/03/73,2025,330 
89589589R,Blas Marques Padro,28/02/00,2025,713 
98198197C,Jack Morales Marques,28/10/82,2025,644 
10610611S,Margarita Coll Lobo,01/07/80,2025,435 
09709711L,Luis Gracia Moreno,06/10/76,2025,567 
87587587P,Jack Reyes Sparrow,20/01/53,2025,825 
34334335Y,Jose San Lobo,23/09/63,2025,267 
32232233A,Eva Gracia Gibson,27/07/51,2025,810 
48548549H,Francisco Pelaez Gracia,02/12/01,2025,964 
05205206R,Francisco Gibson Vallejo,06/08/99,2025,991 
36636637U,Alberto Cozar Martinez,10/06/69,2025,950 
92892892T,Eva Linus Moss,18/03/02,2025,863 
84384384H,Hugo Reyes Dominguez,21/10/91,2025,898 
32132132S,Jack Ribas Locke,18/09/70,2025,288 
22922923A,Enjuto Ribera Mas,15/06/92,2025,810 
98998998R,Irene Sparrow Marques,10/08/98,2025,595 
47647648E,Clodoveo Mojamuto Dominguez,18/07/60,2025,805 
15515516U,Emiliano Mojamuto Mojamuto,03/09/52,2025,146 
26226227D,Luis Gibson Mas,13/04/72,2025,208 
18818819F,Blas Coll Marques,07/06/61,2025,630 
42642643C,Alberto Mas Moreno,29/06/91,2025,456 
27427428O,Margarita Mas Sparrow,07/02/50,2025,981 
09509510T,Francisco Argudo Punset,11/01/73,2025,196 
87287287P,Sofia Dominguez Avila,22/05/65,2025,518 
52852853L,Alberto Linus Gonzalez,13/08/81,2025,517 
04604606H,John Pelaez Avila,02/08/69,2025,803 
49649650A,Pedro Narvaez Sparrow,30/03/67,2025,015 
03703705J,Blas Reyes Vallejo,23/08/67,2025,651 
54154154P,Blas Moreno Torres,06/05/72,2025,070 
21121122G,Luisa Narvaez Moss,19/06/50,2025,516 
25325326Y,Camilo Dominguez Gonzalez,25/06/69,2025,091 
26826827B,Sofia Martinez Martinez,27/07/66,2025,271 
63863864W,Petra Avila Morales,09/10/95,2025,766 
53953954Y,Luis Lobo Pelaez,05/04/75,2025,484 
46746747W,Emiliano Ribas Sparrow,14/07/54,2025,645 
06306307T,Armando Mojamuto Argudo,24/11/53,2025,444 
86986986W,Pedro Morales Poza,18/05/65,2025,267 
82682682Y,Alberto Dans Marques,04/07/67,2025,155 
62262262I,Luis Ribas Gibson,05/12/82,2025,703 
16416417H,Sofia Ribera Morales,09/11/58,2025,205 
33233234W,Armando Dans San,29/07/71,2025,641 
89189188L,Clodoveo Pomares Garau,17/01/01,2025,238 
22722723J,Gabriel Dans Dans,19/04/68,2025,284 
33033033B,Gabriel Lobo Garau,01/02/80,2025,321 
65865866D,Eva Marques Coll,10/06/94,2025,724 
94894894B,Benjamin Locke Morales,01/01/71,2025,244 
98898898O,Gabriel Narvaez Vallejo,27/03/85,2025,484 
59959960O,John Dans Narvaez,28/06/89,2025,163 
52652653H,Sofia Ribera Gibson,26/07/84,2025,165 
72672672L,Margarita Gibson Padro,11/01/91,2025,161 
33633634J,Alberto Padro Ribera,10/05/58,2025,174 
17017018K,Enjuto Reyes Vallejo,21/02/87,2025,871 
78378378M,Kate Mas Punset,25/08/56,2025,984 
70770770O,Restituta Avila Linus,12/08/86,2025,317 
44544545D,Enjuto Vallejo Punset,18/07/55,2025,658 
55155155N,Margarita Marques Padro,19/05/74,2025,541 
55455455J,Luisa Reyes Gonzalez,16/10/81,2025,317 
58558558L,Armando Argudo Ribera,19/03/61,2025,652 
63163163U,Jack Torres Torres,06/06/70,2025,903 
04504505J,Randall Padro Pomares,27/06/72,2025,868 
82482482M,Alberto Gibson Cozar,04/08/54,2025,210 
74474474C,Blas Dans Sparrow,08/06/69,2025,119 
28828829W,Restituta Gracia Ribas,26/04/90,2025,756 
31331332T,Eva Lobo Martinez,29/09/00,2025,717 
55855856J,Jose Dans Gonzalez,23/08/75,2025,151 
46846847X,Luisa Pelaez Gonzalez,28/08/56,2025,422 
37137137T,Camilo Locke Ribera,19/03/90,2025,909 
90290289W,Kate Coll Gibson,30/03/81,2025,067 
06206207M,Armando Gracia Garau,23/08/04,2025,820 
88488488D,Pedro Poza Avila,14/11/99,2025,247 
94294293P,Kate Gonzalez Poza,28/08/88,2025,865 
15415416J,Hugo Ribas Dominguez,15/03/68,2025,237 
79779779I,Jose Pomares Lobo,17/04/54,2025,698 
92192191G,Luis Avila Cozar,18/11/55,2025,853 
52352352H,Emiliano Mojamuto Gonzalez,29/12/69,2025,123 
63463463D,Emiliano Reyes Martinez,03/07/99,2025,947 
19519520D,Clodoveo Gibson Sparrow,17/04/61,2025,547 
66566566Q,Kate Gibson Gibson,01/11/86,2025,561 
15915917M,Clodoveo Gibson Marques,14/04/03,2025,331 
95195194T,Benjamin Martinez Narvaez,23/06/00,2025,984 
78078078U,Emiliano Lobo Gonzalez,25/12/00,2025,871 
77277277Y,Irene Padro Locke,08/06/59,2025,516 
57757758H,Jose Martinez Argudo,29/08/87,2025,475 
94394394H,Camilo Garau Coll,12/04/91,2025,563 
84984984Z,Camilo Sparrow Narvaez,11/02/81,2025,804 
38838839S,Armando San Ribera,21/09/78,2025,755 
04904906B,Blas Morales Dans,29/01/04,2025,415 
45745746N,Benjamin Avila Padro,17/12/02,2025,323 
53053053P,Margarita Vallejo Moss,17/04/03,2025,914 
25225226S,Gonzalo Coll Punset,19/11/96,2025,978 
09409410L,Luisa Mas San,04/03/58,2025,302 
59459459U,Enjuto Ribas Marques,29/03/62,2025,854 
45345345J,Francisco Dominguez Coll,24/11/96,2025,310 
24824825L,Blas Mas Pelaez,01/03/69,2025,576 
66266266T,Blas Ribas Moreno,14/07/95,2025,768 
36436437R,Alberto Mojamuto Moss,17/06/82,2025,894 
23723724X,Gabriel Dans San,20/08/55,2025,418 
89289289T,Kate Vallejo Marques,31/10/81,2025,662 
63763763E,Camilo Linus Dans,07/02/81,2025,003 
11311312C,John Gonzalez Gracia,16/10/86,2025,913 
14614615F,Hugo Vallejo Ribera,22/05/74,2025,420 
41541542D,Camilo Vallejo Gonzalez,14/07/86,2025,456 
27327328G,Restituta Cozar Morales,24/08/64,2025,643 
24524525R,Luisa San Mojamuto,28/05/91,2025,994 
08908910K,Alberto Mas Dans,12/05/03,2025,932 
15315316T,Emiliano Pomares Punset,16/03/69,2025,935 
59859860S,Gonzalo Ribera Dans,29/04/77,2025,703 
57957958B,Restituta San Pelaez,18/04/70,2025,521 
32032032M,Alfredo Lobo Gracia,06/05/01,2025,657 
06706708N,Gonzalo Dans Locke,15/07/64,2025,481 
68668668K,Eva Torres Vallejo,31/05/75,2025,313 
38438439U,Clodoveo Pomares Mojamuto,13/04/03,2025,965 
23023024U,John Ribas Morales,21/04/51,2025,221 
14114115A,Alberto Pelaez Gonzalez,08/02/55,2025,553 
48148148Q,Luis Narvaez Morales,06/03/75,2025,902 
53453453Z,Luisa Martinez Vallejo,06/06/01,2025,582 
67067067U,Camilo Martinez Mas,04/01/04,2025,980 
89389389M,Clodoveo Dominguez Dominguez,21/12/72,2025,586 
24324325X,Margarita Avila Gonzalez,16/04/97,2025,904 
40540541E,Margarita Pomares Martinez,17/03/88,2025,870 
86286286U,Luis Moreno Linus,22/07/56,2025,130 
75875875N,Alberto Gibson Argudo,29/06/99,2025,859 
02502503E,Alfredo Martinez Coll,14/08/50,2025,558 
99799799D,Luisa Coll Torres,05/04/70,2025,508 
79479479A,Gabriel Martinez Gibson,19/09/58,2025,846 
35135135N,Benjamin Mojamuto Avila,06/11/90,2025,136 
07707709M,Armando Avila Narvaez,01/11/69,2025,049 
11911913Q,Restituta Ribera Poza,07/04/50,2025,306 
64064064H,Luisa Gibson Cozar,24/03/51,2025,001 
58858859X,Blas Dans Poza,21/04/52,2025,145 
80280280S,Sofia Moreno Pelaez,07/03/99,2025,478 
77377377Z,Margarita Morales Vallejo,10/03/04,2025,207 
55755756X,Alberto Argudo Lopez,13/12/52,2025,804 
89789789E,Margarita Mas Punset,24/12/91,2025,569 
18718719B,John Ribera Dans,06/10/89,2025,863 
23,23,23,2024,23
